17,93,Studio Green,363C3C,
17,95,Black Blue,2F3535,
17,272,Plummett,979CA0,
17,31,Railings,36393E,
17,255,Tanners Brown,413535,
17,86,Stone Blue,759194,
17,271,Brassica,787274,
17,237,Cooks Blue,65839B,
17,82,Dix Blue,AAC0B3,
17,205,Skylight,C4C9C5,
17,27,Parma Gray,CBD7D7,
17,89,Lulworth Blue,AABEBF,
17,269,Cabbage White,ECF3EC,
17,235,Borrowed Light,DBE5DC,
17,22,Light Blue,CFD7CC,
17,85,Oval Room Blue,7A8E8D,
17,79,Card Room Green,73806E,
17,204,Pale Powder,D0D9C8,
17,84,Green Blue,9EAF9F,
17,83,Chappell Green ,839C89,
17,92,Castle Gray,79877A,
17,34,Calke Green,6C7854,
17,47,Green Smoke,636F65,
17,19,Lichen,99A285,
17,76,Folly Green,7E9D73,
17,81,Breakfast Room Green,829C79,
17,13,Olive,949D68,
17,80,Saxon Green,A2A975,
17,32,Cooking Apple Green,CAD5AB,
17,75,Ball Green,B9B494,
17,11,Stone White,C5C5A3,
17,66,India Yellow,CE923C,
17,206,Green Ground,E8E7C9,
17,73,Ciara Yellow,DFC063,
17,52,Straw,E0BD63,
17,71,Pale Hound,ECE8BB,
17,37,Hay,DAC586,
17,249,Lancaster Yellow,F5E091,
17,74,Citron,FBD858,
17,218,Yellow Ground,F2CA58,
17,51,Sudbury Yellow,D3B158,
17,69,Print Room Yellow,D4AE4B,
17,67,Farrows Cream,F4E4A9,
17,68,Dorset Cream,F0D38D,
17,203,Tallow,FFF6D7,
17,208,Ringwold Ground,F9E7D3,
17,268,Charlottes Locks,DD5F24,
17,42,Picture Gallery Red,904639,
17,248,Incarnadine,792F24,
17,217,Rectory Red,8C182B,
17,43,Eating Room Red,61291C,
17,247,Terre D Egypte,A85038,
17,212,Blazer,AE372F,
17,64,Red Earth,B86948,
17,50,Book Room Red,BE7757,
17,28,Dead Salmon,C4A998,
17,39,Fowler Pink,E2AB73,
17,202,Pink Ground,F6E2D7,
17,231,Setting Plaster,EDD8C3,
17,243,Charleston Gray,988879,
17,270,Calluna,513438,
17,260,Calamine,F5E2DE,
17,4,Old White,D6CFB2,
17,267,Dove Tale,AF9C8B,
17,15,Bone,D8D3B5,
17,10,Fawn,EBDCB3,
17,25,Pigeon,B9BEAA,
17,211,Stony Ground,D9CAAB,
17,201,Shaded White,E5D9C1,
17,266,Mizzle,BFC2A7,
17,5,Hardwick White,D5CDB6,
17,88,Lamp Room Gray,BABAAE,
17,265,Manor House Gray,ADADA1,
17,60,Smoked Trout,CDB6A4,
17,2011,Blackened,EEE6DB,
17,264,Oxford Stone,D0BB9E,
17,6,London Stone,BDAB93,
17,226,Joas White,DDCDAC,
17,227,Archive,E2D0A8,
17,240,Cats Paw,BCA265,
17,2008,Dimity,EAE1D2,
17,16,Cord,D6C79E,
17,44,Cream,E1D19E,
17,2004,Slipper Satin,F0E8DD,
17,1,Lime White,F4ECD7,
17,3,Off-White,F5ECCD,
17,8,String,E6D4A2,
17,213,Savage Ground,D8C6A2,
17,2012,House white,F0E9CC,
17,2013,Matchstick,F1E6CA,
17,2002,White Tie,F4EDDD,
17,59,New White,EFE9D1,
17,2009,Clunch,EFE8D8,
17,2006,Great White,EAEAE2,
17,239,Wimborne White,FFFFFF,
17,2003,Pointing,FDFEEC,
17,244,London Clay,715444,
17,96,Radicchio,8A3636,
17,2005,All White,FDFBFC,
17,229,Elephants Breath,D3CABB,
17,91,Blue Gray,BEC3AF,
17,36,Mahogany,41363A,
17,241,Skimming Stone,E9E2D0,
17,246,Cinder Rose,C79A95,
17,236,Teresas Green,B0C1B1,
17,17,Light Gray,BCAF9C,
17,245,Middleton Pink,FCE8E1,
17,18,French Gray,B7B4A1,
17,40,Mouses Back,A89B88,
17,49,Porphyry Pink,A36856,
17,234,Vert De Terre,BBBE9F,
17,222,Brinjal,513438,
17,220,Pitch Blue,535E7E,
17,251,Churlish Green,BDAB61,
17,214,Arsenic,80B692,
17,233,Dayroom Yellow,F7E285,
17,254,Pelt,4D3A40,
17,256,Pitch Black,2A2829,
17,253,Drawing Room Blue,2E3548,
17,30,Hague Blue,2C3437,
17,250,Tunsgate Green,EFEFCB,
17,210,Blue Ground,9FD2CD,
17,2010,James White,F3F0E1,
17,252,Pavilion Blue,EBEBD3,
17,223,Babouche,F6BF27,
17,70,Orangery,E8A54E,
17,2001,Strong White,F0EEE1,
17,57,Off-Black,313639,
17,26,Down Pipe,6D6D6D,
17,228,Cornforth White,E1DDD4,
17,242,Pavilion Gray,C1B9AC,