26,55-306,Vista Green Semi-gloss*,#607459,
26,2084,Smoky Mountain Blue*,#9FB0B7,
26,7195,New England Red*,#75403C,
26,7013,Ivy Green*,#23522E,
26,7428,Valley Forge Green*,#21352A,
26,2540,Altamont*,#E8E5DE,
26,SC-75,Beige Gray*,#BCA88F,
26,RNO2,Colonial Grey*,#AEADA9,
26,54-312,Wrought Iron Flat Black*,#404040,
26,ACO4,Alabaster*,#CBC0AE,
26,SC-56,Plymouth Gray*,#A9AEB1,
26,7615,Seal Brown*,#5C331F,
26,3075,Amish Blue*,#7A8C96,
26,SC-26,Golden Cedar*,#AE804F,
26,4760,Hammered Iron*,#67675D,
26,SC-53,Oxford Brown*,#504742,
26,7620,Deep Bronze*,#403D38,
26,ALMA5,Buckskin Beige*,#C8C0AD,
26,3428,Appalachian Fern*,#AAB6A0,
26,SC-69,Summer Pecan*,#966E54,
26,2566,Colonial Beige*,#D9CAB3,
26,SC-6,6 Ship's Hull*,#9C9286,
26,SC-58,Ranchwood Red*,#89433B,
26,7755,Springfield Rifle*,#585951,
26,3434,Terrapin*,#818878,
26,2605,Mystic Sand*,#E9CEB1,
26,CLR5,Slate Blue*,#7F8B8B,
26,SC-11,Canyon Brown*,#5E4741,
26,SC-77,Cape Cod Gray*,#BDBCB8,
26,3480,Alamo Stone*,#D5C19E,
26,ACA3,Sandstone*,#C7C0AE,
26,7613,Black Umber*,#4C413D,
26,ASI4,Raffia Beige*,#DCCDB0,
26,SC-19,Evergreen*,#525D4D,
26,SC-76,Blue Granite*,#878D8B,
26,RNO5,Plantation Moss*,#9D917B,
26,SC-57,Prairie Sage*,#837455,
26,SC-71,Victorian Mahogany*,#8B6455,
26,2756,Mission Gray*,#CAC8BB,
26,SC-12,Cedar Tan*,#B07853,
26,4606,Yorktown Brown*,#A47855,
26,SC-34,Java Brown*,#514644,
26,SC-42,Midnight Teal*,#526166,
26,SC-62,Saltbox Gray*,#81746B,
26,SC-16, Dark Redwood*,#794D44,
26,SC-39,Mauvewood*,#A59283,
26,SC-78,Russet*,#6A4C42,
26,2572,China White*,#EEE6D9,
26,2574,Soapstone*,#EFE2D1,
26,ACO5,Jefferson Tan*,#A29585,
26,3764,Slate Stone*,#9EA3A7,
26,3481,Dodge City Tan*,#C3AA81,
26,2043,Bar Harbor*,#AFC9C8,
26,CLR6,Antique Ivory*,#CEB395,
26,ALMA2,Pearl Gray*,#A1A29C,
26,2500,Cashmere*,#DEC9B6,
26,CLR4,Ash Beige*,#9E927A,
26,ATL6,Forest Green*,#496358,
26,4646,Newport Brown*,#716151,
26,SC-61,Rustic Red*,#91493A,
26,ASI6,Winning Red*,#794039,
26,ALM5,Autumn Sand*,#B6A790,
26,RNO4,Bonanza Beige*,#C2BAA7,
26,2192,Peaches 'n Cream*,#FAD2B9,
26,SC-25,Gloucester Gray*,#5D6266,
26,ALMA6,Buff*,#C5AD91,
26,SC-7,Burnished Poplar*,#5A5044,
26,ACA4,Surrey Beige*,#B09C83,
26,ACO1,White*,#EAE6DA,
26,SC-33,Indian Red*,#68453F,
26,3757,Old Silver*,#88897B,
26,4431,American Holly*,#5D6E5C,
26,SC-46,Nordic Walnut*,#664E42,
26,ATL1,Ascot White*,#DCD9D2,
26,ATL4,Rockey Grey*,#566465,
26,SC-4,Beechbark*,#6D453B,
26,SC-43,Monterey Red*,#A16A55,
26,ACA1,Western White*,#DEDACE,
26,2557,Cassey*,#F2EBE3,
26,2565,Chanson Rose*,#EEE4DB,
26,ACA6,Rawhide*,#C7A582,
26,SC-40,Mesa Green*,#7E7966,
26,SC-55,Pine Cone*,#8A6F54,
26,SC-70,Timber Tan*,#856954,
26,4335,Pony Express*,#AC9A6C,
26,54-45,2 Arch. Gloss White*,#F9F3E5,
26,ALMA4,Cameo Cream*,#E4CFB0,
26,RNO3,Classic Creme*,#DCCBAD,
26,RNO6,Traditional Blue*,#657D87,
26,SC-44,Mountain Spruce*,#707064,
26,2714,Tahitian Beige*,#F1DACC,
26,7612,Fort Sill*,#78553F,
26,ASO3,Cream*,#DECFB0,
26,SC-21,Flint Stone*,#A79F88,
26,SC-3,Basswood*,#BC9E84,
26,ASO4,Ivory*,#E6CEB2,
26,SC-52,Old Spar*,#7A6A5D,
26,ALM4,Sauterne Creme*,#DFD0B3,
26,4770,Eclipse*,#505559,
26,2702,Popcorn*,#F4F1E0,
26,2109,First Frost*,#DDE7E8,
26,2317,Mazarin*,#FFD590,
26,SC-22,Frostwood*,#D5C6A9,
26,2015,Lullaby*,#D5EBDE,
26,3253,Painted Desert*,#E2998A,
26,2706,Sentimental*,#F4E9E7,
26,2708,Tidal Pool*,#40684D,
26,4493,Ft. Leavenworth*,#9C7B50,
26,2316,Taffeta*,#CEBCD6,
26,2190,Charlemagne*,#F9BE9E,
26,2174,Minuet*,#F2EAE8,
